Date,AL_Predict,AL_lower,AL_upper,AK_Predict,AK_lower,AK_upper,AZ_Predict,AZ_lower,AZ_upper,AR_Predict,AR_lower,AR_upper,CA_Predict,CA_lower,CA_upper,CO_Predict,CO_lower,CO_upper,CT_Predict,CT_lower,CT_upper,DE_Predict,DE_lower,DE_upper,DC_Predict,DC_lower,DC_upper,FL_Predict,FL_lower,FL_upper,GA_Predict,GA_lower,GA_upper,HI_Predict,HI_lower,HI_upper,ID_Predict,ID_lower,ID_upper,IL_Predict,IL_lower,IL_upper,IN_Predict,IN_lower,IN_upper,IA_Predict,IA_lower,IA_upper,KS_Predict,KS_lower,KS_upper,KY_Predict,KY_lower,KY_upper,LA_Predict,LA_lower,LA_upper,ME_Predict,ME_lower,ME_upper,MD_Predict,MD_lower,MD_upper,MA_Predict,MA_lower,MA_upper,MI_Predict,MI_lower,MI_upper,MN_Predict,MN_lower,MN_upper,MS_Predict,MS_lower,MS_upper,MO_Predict,MO_lower,MO_upper,MT_Predict,MT_lower,MT_upper,NE_Predict,NE_lower,NE_upper,NV_Predict,NV_lower,NV_upper,NH_Predict,NH_lower,NH_upper,NJ_Predict,NJ_lower,NJ_upper,NM_Predict,NM_lower,NM_upper,NY_Predict,NY_lower,NY_upper,NC_Predict,NC_lower,NC_upper,ND_Predict,ND_lower,ND_upper,OH_Predict,OH_lower,OH_upper,OK_Predict,OK_lower,OK_upper,OR_Predict,OR_lower,OR_upper,PA_Predict,PA_lower,PA_upper,RI_Predict,RI_lower,RI_upper,SC_Predict,SC_lower,SC_upper,SD_Predict,SD_lower,SD_upper,TN_Predict,TN_lower,TN_upper,TX_Predict,TX_lower,TX_upper,UT_Predict,UT_lower,UT_upper,VT_Predict,VT_lower,VT_upper,VA_Predict,VA_lower,VA_upper,WA_Predict,WA_lower,WA_upper,WV_Predict,WV_lower,WV_upper,WI_Predict,WI_lower,WI_upper,WY_Predict,WY_lower,WY_upper
6/6/2020,19319.71157,19086.92367,19583.27839,460.5077064,448.0289096,472.7885113,21785.00677,21460.38819,22101.91785,7780.133733,7571.805424,7984.394676,121187.1215,120278.1135,122112.8278,27852.323,27713.37756,27999.69475,45012.74298,44574.32258,45460.43887,10392.43154,10266.15765,10534.09045,9501.288836,9417.714979,9584.717616,59785.98852,59533.42044,60041.97993,50466.56484,50231.69552,50685.6015,793.2179917,671.2417797,918.297649,2966.648042,2930.81541,3002.077097,131905.2109,130683.1516,133123.398,37036.09894,36905.3136,37168.39548,21309.54962,21208.16089,21414.34786,10633.48335,10524.86103,10742.0085,10652.89694,10559.57883,10745.70581,41991.45137,41782.67903,42224.77307,2517.516425,2498.90357,2538.612288,57531.15236,57307.15646,57748.15195,104002.5569,103286.1162,104755.199,59882.86495,59541.6677,60211.43902,27850.96304,27655.32135,28038.40448,16718.09933,16618.03481,16822.34359,14355.39154,14273.33685,14437.11201,512.5991737,505.4769394,520.4072926,15582.12374,15499.82468,15666.24927,9174.848861,9119.227438,9231.738678,4990.738254,4960.963833,5018.469118,165743.162,165104.8357,166416.2109,8466.3479,8422.438322,8507.094852,380536.7716,378866.3562,382419.1101,31390.76252,30997.95186,31789.25607,2884.840259,2835.741925,2935.808201,38363.03805,38088.83162,38653.64865,7039.814258,6991.086055,7081.978583,4533.775934,4494.055824,4575.284859,80736.26549,80281.2551,81196.22578,15935.58061,15800.39343,16081.63267,12487.66373,12346.6049,12632.66255,5454.864098,5367.386192,5540.843973,24785.44094,24517.93112,25075.13706,70281.4091,69908.37403,70677.27804,10513.82861,10411.36729,10616.80575,999.8077039,990.6899082,1008.924309,48750.64053,48486.72253,49029.96694,22701.16642,22556.73752,22843.6966,2109.550956,2078.129138,2141.586793,19991.08107,19804.32372,20171.7666,958.3502542,942.7326269,975.2113403
6/7/2020,19681.21738,19441.27376,19933.41578,463.6689411,452.1223154,476.0109672,22235.97578,21922.6607,22563.81065,7915.118307,7704.548469,8121.958577,123364.8558,122461.2353,124287.0721,28292.84462,28143.70811,28444.35341,45384.05469,44954.58883,45841.07207,10523.46036,10392.65396,10663.28425,9634.861944,9547.540885,9711.744152,60519.18142,60248.21473,60775.25528,51045.3018,50843.98191,51267.29012,798.8042491,673.5372721,922.5661609,2989.809059,2955.098828,3024.574252,133956.4212,132653.7634,135051.6749,37559.29363,37425.55778,37694.77838,21674.62445,21566.25405,21788.27069,10751.42512,10642.54851,10860.97891,10824.05401,10731.4747,10916.32099,42313.50207,42083.5602,42532.97656,2560.309513,2540.545926,2578.750466,58508.98645,58274.07245,58735.18576,105029.6472,104306.2045,105761.6699,60282.31835,59923.46928,60651.25749,28516.00328,28330.12516,28694.37758,17022.57292,16920.76048,17120.81462,14507.48078,14419.38741,14596.38953,516.2659246,508.2270851,524.4796672,15881.97782,15805.4391,15968.98174,9294.883102,9237.442544,9349.400855,5062.177931,5036.972354,5089.62193,166842.3163,166124.6963,167539.1989,8601.9652,8558.252182,8645.410384,382606.4772,380648.1947,384587.4282,32052.39492,31668.59489,32474.69893,2936.911119,2892.318784,2985.931967,38948.77204,38632.49663,39260.49534,7132.787628,7084.751281,7177.97249,4599.911584,4556.100031,4639.477728,81488.06413,81050.35363,81950.54027,16120.77894,15977.648,16250.96553,12684.37049,12556.46896,12830.00565,5545.640694,5463.663985,5638.427108,25203.75803,24931.99141,25492.78791,71482.10419,71074.53293,71860.41704,10697.07013,10593.40923,10794.75786,1003.110689,993.9056981,1012.303702,49691.92528,49418.31268,49962.43116,22956.92529,22821.15484,23103.28381,2138.420873,2106.303147,2170.964167,20404.31662,20224.7282,20573.48875,968.684495,952.7648641,985.0726771
6/8/2020,20046.6487,19822.67144,20299.2099,466.7811112,454.6359802,479.1672536,22641.42149,22324.76368,22972.17595,8078.216981,7865.663961,8276.641867,125367.4146,124419.0138,126299.0769,28552.97074,28396.12044,28702.84756,45894.36841,45455.43623,46374.13484,10683.14747,10558.11116,10817.70725,9755.918578,9675.77832,9845.299228,61255.48134,60950.64837,61535.38888,51661.83959,51418.33177,51877.65036,802.8863127,687.8981905,929.9127076,3007.379644,2969.809871,3048.18619,135911.0095,134713.8444,137154.7363,38033.57028,37880.39237,38178.08634,22013.53088,21903.80159,22123.99137,10867.3532,10755.70826,10985.4243,10931.81366,10833.09466,11020.7659,42692.61712,42443.27925,42934.7219,2604.230614,2583.916141,2622.206989,59449.24663,59208.77187,59696.53501,105835.5624,105067.6835,106609.5121,60727.40209,60311.28493,61119.75626,29141.34521,28949.53367,29322.02928,17274.55502,17172.04795,17376.88625,14683.59304,14594.9006,14782.67032,516.9519017,508.4583696,525.1081679,16135.83453,16048.70415,16229.44887,9414.546479,9359.114114,9469.919302,5142.544655,5116.562293,5171.426087,167978.9667,167191.6922,168703.1681,8728.229313,8685.304777,8777.522654,384087.0388,381878.3523,386078.3645,32676.13596,32259.59382,33069.68592,2985.58931,2936.176647,3030.989188,39487.87853,39177.16491,39796.63204,7216.588257,7164.171344,7262.624558,4643.173776,4600.932384,4684.941032,82237.47475,81753.50897,82732.53325,16282.62141,16141.48441,16418.01505,12883.31861,12747.94367,13024.41687,5621.313842,5531.563363,5713.861284,25519.09437,25255.58403,25799.72287,72641.02211,72281.7951,73045.1122,10869.57862,10763.46742,10974.66891,1005.928255,996.0347522,1015.831768,50600.66366,50327.78536,50887.13189,23187.16409,23034.06352,23346.86659,2166.364226,2131.692738,2199.642397,20758.0879,20566.88812,20940.97021,978.036893,961.3221331,994.9872305
6/9/2020,20424.61957,20165.6227,20677.91164,469.735384,456.6184422,482.1593771,23001.68951,22674.02552,23308.10278,8203.869068,7999.423682,8401.196241,127449.8839,126431.2755,128402.3687,28843.24019,28683.21178,29014.69133,46310.94866,45846.57559,46806.03442,10838.22496,10699.56698,10975.43249,9871.439714,9781.582295,9965.185217,61993.95149,61686.55518,62321.44533,52394.2401,52139.78218,52635.84296,809.206039,682.2708489,935.8464824,3037.040012,2996.993221,3077.63039,137751.6164,136466.2948,139099.5706,38495.38672,38342.10575,38655.26536,22360.2175,22231.97939,22482.7718,11017.4788,10884.94484,11128.90895,11095.55508,11002.27176,11192.98578,43054.66831,42751.04952,43380.6991,2640.644174,2618.869014,2661.45261,60339.57123,60066.44659,60602.11887,106891.8182,106082.4639,107692.4818,61138.02531,60706.00261,61552.95808,29757.38691,29556.33355,29955.20902,17533.27716,17420.34758,17639.92312,14879.21509,14775.21077,14970.4277,519.7310372,510.9690681,527.9755086,16400.48993,16296.38632,16509.00248,9520.414487,9463.751229,9579.798177,5208.192259,5178.091276,5235.95101,168919.6671,167991.6806,169705.7608,8862.206307,8816.836715,8911.681383,385388.5985,382813.5773,387620.5612,33307.06801,32913.76795,33697.57055,3031.939331,2982.672613,3080.825976,40010.40327,39694.13839,40341.0974,7307.179973,7256.273621,7356.4417,4694.518463,4648.17663,4739.137219,82971.90574,82470.0473,83501.38745,16450.0965,16299.61903,16591.94755,13063.54986,12919.99532,13214.35383,5688.431081,5601.181396,5771.801598,25900.99279,25624.79485,26169.87656,73720.36513,73301.26018,74146.27124,11024.84693,10927.06368,11140.45827,1007.21842,995.828013,1019.586832,51570.33915,51294.21694,51888.23241,23392.2234,23237.86928,23570.15616,2190.544527,2157.720316,2225.683598,21092.93005,20908.2365,21277.15146,993.5569202,978.428667,1009.976879
6/10/2020,20791.19688,20532.56944,21050.76803,474.5213731,461.796256,487.1915906,23444.6429,23124.31379,23789.05905,8364.455226,8153.261238,8557.906363,129681.8603,128688.6556,130661.0745,29107.9124,28925.91097,29293.02542,46727.48664,46206.47829,47253.99033,10996.97913,10863.75519,11141.4646,9993.293065,9892.826177,10081.53895,62640.542,62241.44792,63001.68111,53061.26824,52797.32071,53331.66368,819.3212795,703.1314024,951.0399281,3060.774551,3014.157243,3105.647557,139873.5625,138559.085,141093.8545,38953.78067,38761.57591,39130.80796,22691.30903,22538.069,22820.63916,11139.84551,11004.31485,11268.9791,11281.28105,11182.4791,11383.23603,43380.01244,42983.82527,43809.90479,2677.586739,2656.860191,2700.271685,61296.63442,61000.73856,61599.79454,107781.6784,106893.0086,108677.6137,61621.67845,61133.9178,62158.4006,30386.73441,30165.14098,30588.87732,17816.75003,17709.16178,17931.00014,15029.72474,14923.36915,15136.26461,521.1504445,511.1947653,530.9003225,16654.4307,16539.97879,16771.66071,9622.609903,9558.670018,9685.985167,5276.593266,5243.959427,5308.317859,169828.3333,168683.7978,170829.7075,9000.970301,8949.560141,9051.444243,387063.3868,384243.0811,390135.9659,33882.8172,33467.56489,34284.11447,3078.900708,3030.427918,3129.601121,40518.71914,40166.23531,40857.51597,7402.005897,7346.284375,7457.316138,4740.750048,4695.693564,4786.77172,83744.9141,83204.25093,84335.48333,16602.52569,16431.97584,16750.8771,13238.7216,13082.01339,13386.39886,5768.144849,5677.235616,5860.964047,26312.20721,26018.63329,26612.37467,74925.96674,74515.15365,75368.56867,11177.00144,11072.12554,11293.01255,1009.472598,997.0236815,1023.906063,52543.80376,52231.1752,52858.02174,23589.60108,23406.35919,23770.39015,2220.133146,2186.976871,2254.57826,21457.08134,21265.40212,21643.85946,1003.049796,986.1454359,1020.25194
6/11/2020,21165.60042,20890.42362,21432.13438,477.8513727,464.5937476,491.2205586,23889.28698,23544.99649,24223.13437,8507.832365,8297.924936,8725.174246,131804.3796,130734.1017,132890.8255,29395.25218,29194.95179,29604.64048,47136.89856,46616.209,47674.47923,11130.48821,10987.31029,11263.88512,10105.85482,10007.90336,10202.36134,63396.94155,62967.93351,63832.64795,53712.84437,53414.84522,54022.79545,824.7854676,709.8795551,936.2716426,3098.215538,3051.387371,3148.911132,141673.0929,140310.0071,142999.2386,39437.97117,39218.63501,39644.0854,23031.74115,22843.60948,23191.92804,11284.30867,11139.90909,11425.45686,11431.60927,11326.0665,11531.38071,43878.23077,43340.80197,44480.93453,2720.969629,2697.80418,2744.751858,62207.45427,61868.34742,62527.87881,108757.7367,107777.3581,109669.8998,62097.19462,61520.9689,62668.07008,30989.33048,30756.55082,31224.5864,18093.79189,17970.49762,18203.05525,15206.90377,15088.27028,15324.17262,524.5920197,513.8834378,535.1664354,16934.58097,16811.70427,17071.52968,9743.136114,9672.998732,9803.201957,5347.421518,5311.942976,5384.158748,170854.8562,169536.1205,172033.5946,9132.421457,9074.948321,9191.502914,388591.7756,385096.0969,392181.311,34582.19659,34140.62658,35023.02704,3130.371136,3078.134225,3182.462648,41036.67495,40698.43048,41366.80013,7498.515376,7440.812576,7560.901935,4799.179124,4747.094636,4846.23321,84533.34934,83904.53166,85182.39745,16780.53243,16601.29581,16948.0283,13421.43381,13276.33863,13579.49346,5845.799132,5746.097879,5937.660939,26669.621,26379.01953,26968.22523,76180.44123,75696.78911,76658.30233,11346.04467,11236.32997,11465.35259,1010.227541,994.64425,1026.577007,53409.85488,53091.23235,53761.23148,23842.32829,23657.17556,24044.77801,2253.25866,2218.820642,2286.457115,21857.53014,21657.96335,22058.70487,1013.644903,996.383817,1030.339254
6/12/2020,21533.38442,21264.18775,21787.24077,480.6063559,468.0149619,494.3474693,24319.2803,23970.60144,24663.34858,8685.856221,8479.16476,8881.59854,133947.93,132851.7133,135160.5004,29717.57105,29492.22644,29931.88038,47545.1653,46996.30112,48141.81966,11271.32509,11113.97789,11419.06375,10236.46892,10120.64649,10346.72582,64219.39923,63697.20997,64727.62589,54409.95136,54078.10741,54743.44647,831.4707145,700.175503,947.7240676,3133.648611,3080.911945,3188.36647,143766.2894,142340.4208,145322.5048,39946.06588,39697.18996,40189.38281,23385.00907,23162.93152,23586.94958,11434.03192,11264.81309,11593.49632,11602.52157,11492.62808,11716.02253,44314.1326,43628.98451,45060.15814,2766.839606,2741.682302,2792.509448,63215.0675,62848.2782,63563.2001,109768.8059,108743.3605,110812.3769,62600.20546,61951.96352,63250.65663,31609.90925,31353.47571,31869.5771,18378.47412,18254.88518,18497.98244,15375.03692,15243.34889,15507.81047,526.0140788,513.3165421,537.2541439,17234.76491,17075.14347,17408.54011,9858.764487,9782.617428,9933.218386,5422.047078,5383.54364,5460.125686,171772.8393,170010.5627,173151.0056,9280.051194,9216.253796,9344.855451,390115.6978,385738.765,394567.3974,35241.12311,34784.05836,35666.16211,3179.537678,3130.408769,3232.049107,41594.55075,41207.93239,41950.70606,7596.141994,7536.473097,7658.461764,4847.491725,4794.342134,4900.436873,85373.98648,84660.09629,86119.33282,16956.005,16755.7605,17137.8119,13605.69242,13457.91887,13777.94228,5921.591601,5829.832945,6016.102192,27025.37525,26709.6601,27339.04358,77471.45376,76969.80071,77950.05977,11528.7123,11415.41084,11653.3943,1017.430583,998.1857317,1038.386201,54428.88798,54065.49632,54836.89417,24082.88462,23857.62843,24322.43112,2283.261429,2247.908515,2324.341545,22266.96941,22055.68106,22478.68517,1023.729897,1005.901891,1039.963301
6/13/2020,21894.28971,21603.37689,22179.80743,482.0360046,467.8513428,497.0507771,24684.64035,24317.84107,25028.50613,8787.778686,8569.455516,9002.891667,135849.9509,134670.3844,137016.1618,30093.42575,29868.36764,30326.04227,48047.52203,47434.41764,48718.93465,11449.84386,11292.38217,11603.14121,10391.15985,10265.68927,10513.08679,64950.09634,64335.96921,65572.44926,55054.56335,54675.35717,55399.20365,846.8189929,724.4322964,972.244379,3158.536783,3096.938154,3219.119732,146241.8662,144651.635,147890.9416,40495.25686,40206.68289,40782.751,23768.90814,23514.00166,24010.09446,11620.71133,11442.25036,11796.67818,11766.9666,11651.63965,11880.54831,44730.74493,43899.06113,45646.46299,2812.427738,2782.138428,2839.222995,64299.12955,63906.10059,64692.68341,111010.7378,109786.8468,112181.9245,63177.40004,62445.74727,64027.30489,32324.68164,32053.61749,32618.20897,18683.20099,18540.84314,18819.09536,15543.92145,15396.95513,15691.92514,526.8401119,512.5044937,539.6777958,17563.60391,17374.14577,17776.23223,9980.975651,9887.624994,10064.05594,5503.96608,5458.883414,5545.917986,172990.8476,170947.4887,174676.1791,9415.213556,9342.907252,9489.059876,392564.4668,387623.2855,398487.1777,35884.25128,35404.93002,36349.18002,3243.345203,3193.740212,3297.506093,42231.34144,41809.33955,42664.43045,7693.605343,7624.673633,7761.70061,4895.416764,4839.786074,4952.24354,86407.12036,85611.34545,87246.37323,17183.21399,16975.32245,17377.03846,13806.21274,13643.87439,13974.2755,6022.807344,5918.219925,6110.814014,27393.29946,27076.0189,27710.55512,78549.91659,77960.01693,79116.29576,11691.53625,11579.462,11818.82541,1020.859649,996.8574742,1045.338555,55400.15196,54996.82638,55834.02054,24301.0225,24024.87291,24573.53053,2312.888964,2274.535156,2351.540772,22667.23766,22449.22766,22894.6746,1036.364413,1018.778462,1052.979642
6/14/2020,22255.79553,21963.30563,22544.11161,485.1972393,470.3313097,502.1765306,25135.60935,24772.9498,25515.42016,8922.76326,8712.668253,9125.249933,138027.6853,136780.0005,139358.3339,30533.94737,30244.86374,30813.76573,48418.83374,47776.18246,49162.62855,11580.87269,11417.18693,11726.69113,10524.73295,10392.89436,10651.52143,65683.28925,64956.62016,66424.32381,55633.3003,55201.82427,56067.0534,852.4052503,720.6440199,976.5922089,3181.6978,3110.910765,3250.626802,148293.0765,146643.3511,150156.7915,41018.45155,40670.37353,41371.35488,24133.98297,23819.12811,24424.41859,11738.6531,11509.25357,11959.47674,11938.12368,11808.83492,12054.40518,45052.79563,43970.31996,46175.24029,2855.220827,2822.248439,2885.582938,65276.96363,64793.02357,65732.04027,112037.8281,110702.6014,113304.0529,63576.85344,62611.05988,64615.29064,32989.72188,32679.5524,33298.24396,18987.67459,18835.21359,19125.38064,15696.0107,15519.88886,15860.3281,530.5068629,514.2537572,546.1400562,17863.45799,17639.47034,18114.14506,10101.00989,10005.40913,10190.71784,5575.405757,5524.352051,5625.354913,174090.0019,171650.6664,176221.5321,9550.830856,9468.082779,9641.869636,394634.1723,388385.5017,401580.0702,36545.88368,36032.7664,37044.92664,3295.416062,3239.592837,3347.351639,42817.07543,42384.86905,43230.65121,7786.578713,7712.411714,7863.818392,4961.552414,4899.038475,5020.965728,87158.919,86217.8464,88047.96445,17368.41232,17140.40387,17608.95248,14002.9195,13842.37825,14183.6451,6113.58394,6010.693108,6208.282892,27811.61655,27468.47817,28160.90434,79750.61168,79100.90754,80354.62825,11874.77778,11733.72098,11999.2209,1024.162635,994.850654,1053.77825,56341.43671,55898.22136,56833.72961,24556.78138,24258.9946,24866.60561,2341.758881,2301.996481,2381.239207,23080.47322,22858.70032,23329.10093,1046.698654,1028.923083,1064.019772
6/15/2020,22621.22684,22328.74558,22938.45353,488.3094094,472.8856005,504.8049667,25541.05506,25155.48946,25920.62019,9085.861934,8859.326636,9309.490372,140030.2441,138606.9929,141476.0361,30794.07349,30448.55657,31100.00353,48929.14745,48180.45528,49702.8566,11740.5598,11565.00658,11911.63277,10645.78959,10490.42401,10792.71983,66419.58916,65540.89039,67319.52512,56249.83809,55755.66428,56742.18041,856.4873139,739.0297058,979.3426968,3199.268385,3123.156211,3277.329607,150247.6648,148279.8659,152131.3537,41492.7282,41084.17841,41871.5527,24472.8894,24085.40447,24832.64111,11854.58118,11603.32779,12105.73278,12045.88333,11910.96971,12174.14865,45431.91068,44162.46562,46736.15978,2899.141928,2865.652244,2937.600185,66217.22381,65660.71372,66738.87521,112843.7434,111336.1238,114330.0038,64021.93718,62962.25517,65231.61486,33615.06381,33233.41693,33977.48361,19239.65669,19062.64151,19394.43019,15872.12296,15663.67388,16075.07842,531.1928399,512.4193643,548.8441704,18117.3147,17861.10036,18416.55845,10220.67327,10107.07226,10319.27256,5655.772481,5591.379896,5712.617662,175226.6523,172271.9839,177664.3592,9677.094969,9593.290316,9777.556589,396114.734,388631.5879,404330.4979,37169.62472,36657.88971,37678.4198,3344.094254,3286.251396,3401.072847,43356.18192,42840.12871,43837.17342,7870.379342,7786.579053,7961.549508,5004.814606,4935.836428,5070.722464,87908.32962,86854.1878,89082.33966,17530.25479,17270.46122,17794.48066,14201.86762,14014.8756,14393.02658,6189.257088,6093.206854,6291.243001,28126.9529,27760.13905,28479.985,80909.5296,80196.25932,81615.85464,12047.28626,11915.07615,12183.46974,1026.980201,992.1789674,1062.718529,57250.17509,56754.99063,57797.07947,24787.02018,24416.4257,25191.12589,2369.702233,2327.609527,2415.826295,23434.24449,23177.92514,23699.90666,1056.051052,1036.052241,1073.734798
6/16/2020,22999.19771,22681.18135,23347.21862,491.2636822,474.3636959,509.8260488,25901.32308,25505.9791,26315.38759,9211.514021,9002.292746,9423.773,142112.7134,140588.9276,143660.6589,31084.34294,30716.25964,31429.41066,49345.72771,48535.73286,50185.7397,11895.63728,11701.73552,12060.54946,10761.31073,10592.32378,10924.31065,67158.05931,66164.88364,68186.28322,56982.2386,56416.40748,57515.30854,862.8070402,738.1373378,982.923009,3228.928754,3132.798,3314.949657,152088.2717,149890.053,154190.775,41954.54464,41473.24426,42412.61991,24819.57602,24380.31189,25225.62547,12004.70678,11747.17362,12262.45958,12209.62475,12062.38999,12353.54969,45793.96186,44341.51145,47359.09937,2935.555488,2897.124063,2973.391022,67107.54841,66494.47655,67729.0031,113899.9992,112217.9497,115613.3008,64432.5604,63049.12496,65848.43735,34231.10551,33824.62063,34624.55388,19498.37883,19301.32971,19678.29305,16067.74501,15854.72424,16296.52666,533.9719755,512.0412409,554.4851667,18381.9701,18080.24295,18736.55106,10326.54128,10203.22017,10442.28716,5721.420085,5654.997703,5787.750033,176167.3527,172797.1963,179046.3322,9811.071963,9699.386962,9925.607384,397416.2937,388061.9536,407060.245,37800.55677,37227.85709,38350.31795,3390.444275,3332.518749,3449.890542,43878.70666,43324.87438,44406.29857,7960.971058,7860.875715,8059.587515,5056.159293,4981.343657,5128.04694,88642.76061,87334.53389,89835.08479,17697.72988,17384.69259,17997.78215,14382.09887,14188.89008,14588.36438,6256.374327,6147.278479,6356.40149,28508.85131,28121.9673,28879.4809,81988.87262,81165.19606,82772.87666,12202.55458,12060.38092,12344.70905,1028.270365,988.0989861,1068.345144,58219.85058,57598.59063,58871.58992,24992.07948,24540.61018,25436.53997,2393.882534,2352.057708,2438.647716,23769.08664,23497.79767,24051.99517,1071.571079,1051.931948,1091.215373
6/17/2020,23365.77502,23001.41067,23730.18873,496.0496713,477.5184347,516.0544101,26344.27647,25910.46548,26742.15194,9372.100178,9147.19428,9587.088075,144344.6898,142665.8104,146009.3214,31349.01515,30921.13467,31709.9625,49762.26568,48856.8921,50706.12167,12054.39146,11862.75479,12245.32586,10883.16408,10690.46695,11059.69397,67804.64983,66674.61481,68923.21664,57649.26674,57056.36301,58274.55476,872.9222807,762.7001259,993.5232518,3252.663292,3152.64461,3345.19284,154210.2178,152025.2846,156588.6892,42412.93859,41841.90561,42947.14274,25150.66755,24636.52469,25606.74574,12127.07349,11809.63253,12436.43059,12395.35072,12234.76167,12550.52697,46119.306,44437.47243,47856.7808,2972.498053,2930.875236,3015.559579,68064.6116,67343.04496,68750.24158,114789.8593,112669.2739,116812.5272,64916.21354,63404.56714,66478.99266,34860.45301,34423.87004,35302.30592,19781.8517,19562.47638,19971.91212,16218.25466,15952.94977,16462.98553,535.3913827,511.5437564,558.8431641,18635.91087,18284.30528,19026.22719,10428.73669,10285.74498,10556.64336,5789.821092,5707.518039,5864.069547,177076.0189,173108.5105,180399.5227,9949.835957,9829.73412,10086.67088,399091.082,388471.2492,410407.9567,38376.30596,37807.36019,38991.64452,3437.405651,3377.096485,3495.747301,44387.02253,43789.82084,44946.86025,8055.796982,7943.366248,8166.46868,5102.390877,5018.179526,5179.892069,89415.76897,88012.50916,90916.75059,17850.15907,17493.59862,18182.9203,14557.27061,14364.81184,14767.42718,6336.088095,6218.406158,6444.286924,28920.06573,28483.70746,29315.9239,83194.47424,82281.1587,84102.88363,12354.70909,12208.79362,12512.48176,1030.524543,983.4964318,1080.319204,59193.31519,58528.01309,59896.42627,25189.45717,24698.47803,25693.64601,2423.471153,2376.509351,2473.456667,24133.23793,23833.59361,24444.79133,1081.063955,1060.743875,1101.823117
6/18/2020,23740.17856,23363.68412,24118.22074,499.3796709,479.4958398,519.604513,26788.92056,26343.89134,27194.45517,9515.477317,9289.155832,9758.091536,146467.209,144684.5942,148211.7745,31636.35493,31133.40539,32074.24586,50171.67761,49173.73236,51240.39523,12187.90053,11988.76602,12364.34015,10995.72583,10784.87803,11174.53383,68561.04938,67198.24827,69887.07179,58300.84287,57605.59268,59009.09711,878.3864688,760.4018727,996.5364918,3290.104279,3169.353678,3405.409988,156009.7482,153468.8762,158532.7899,42897.12909,42293.20951,43502.70885,25491.09967,24932.03549,26020.11546,12271.53665,11903.60148,12611.63641,12545.67894,12369.43247,12702.70049,46617.52433,44693.84381,48608.95121,3015.880943,2969.211553,3063.172913,68975.43145,68157.01435,69723.39884,115765.9176,113517.6718,118024.3585,65391.72971,63728.33505,67274.30393,35463.04908,34931.41662,35930.99388,20058.89355,19833.52504,20268.02267,16395.43368,16093.80856,16682.62345,538.8329579,510.8652361,564.2247455,18916.06113,18523.7029,19364.56343,10549.2629,10389.8811,10696.21068,5860.649344,5773.693984,5943.368859,178102.5418,173682.9802,182022.3166,10081.28711,9950.591319,10231.25719,400619.4708,389265.85,413161.4049,39075.68535,38466.99364,39761.67312,3488.87608,3424.485972,3548.502146,44904.97834,44206.8277,45528.91819,8152.30646,8032.83552,8280.058766,5160.819953,5065.193309,5245.874934,90204.20421,88608.54651,91835.03237,18028.16581,17671.61343,18379.04654,14739.98282,14517.47871,14968.39025,6413.742378,6287.019197,6528.811188,29277.47952,28868.42231,29714.4563,84448.94872,83381.83539,85472.3491,12523.75231,12364.80711,12699.97275,1031.279487,979.028474,1085.063586,60059.36631,59328.25077,60837.42148,25442.18438,24901.42413,26036.73156,2456.596667,2405.747411,2509.241699,24533.68673,24211.17792,24861.38007,1091.659062,1070.738225,1112.786124
6/19/2020,24107.96256,23729.87867,24535.6337,502.1346541,480.0216853,524.3246564,27218.91387,26784.58611,27686.04952,9693.501174,9464.259278,9939.386711,148610.7594,146526.2944,150551.5479,31958.6738,31407.43878,32463.01299,50579.94435,49482.55438,51723.98576,12328.73742,12098.79185,12534.0444,11126.33993,10899.05246,11330.11568,69383.50705,67797.43963,70893.63403,58997.94986,58200.50811,59800.43369,885.0717157,755.3480904,1009.760766,3325.537352,3204.841326,3455.717437,158102.9447,155236.9738,160965.8821,43405.2238,42702.22043,44077.8515,25844.36759,25196.27,26460.60937,12421.2599,12043.59597,12799.36967,12716.59124,12538.48648,12894.91849,47053.42615,44898.80444,49250.73073,3061.75092,3006.263498,3114.541369,69983.04469,69049.57168,70878.31955,116776.9868,114242.3005,119265.5531,65894.74054,63892.3649,68081.62567,36083.62785,35480.33132,36601.31409,20343.57579,20077.16814,20588.53602,16563.56683,16237.81181,16892.09029,540.255017,509.2657918,569.2299264,19216.24507,18771.36735,19719.79177,10664.89128,10489.45478,10824.11758,5935.274904,5836.278467,6028.751733,179020.5249,173640.5063,183442.263,10228.91685,10070.51529,10394.59334,402143.3929,388469.4856,416388.1175,39734.61187,39093.2321,40479.87459,3538.042622,3469.927012,3602.487966,45462.85414,44686.91254,46123.21889,8249.933079,8115.359935,8383.117686,5209.132555,5109.342623,5310.703993,91044.84135,89150.61502,92854.74278,18203.63839,17810.75099,18616.95616,14924.24143,14697.11642,15167.64167,6489.534847,6364.59682,6609.954681,29633.23377,29176.41503,30105.50695,85739.96125,84570.42869,86939.1174,12706.41994,12553.65869,12868.96946,1038.482529,978.3215087,1099.876356,61078.39941,60279.12694,61928.36701,25682.7407,25031.37635,26346.7846,2486.599437,2433.564539,2546.873917,24943.126,24613.90109,25300.56322,1101.744057,1076.966521,1124.218094
6/20/2020,24468.86785,24045.85582,24914.58431,503.5643028,480.8187416,529.8296089,27584.27392,27077.59783,28061.99168,9795.423639,9563.043028,10040.59702,150512.7804,148374.3658,152686.6642,32334.5285,31708.86747,32889.27009,51082.30108,49863.65426,52396.023,12507.25619,12269.85256,12725.07646,11281.03086,11016.21265,11519.47948,70114.20417,68379.98886,71715.54365,59642.56185,58782.5786,60561.23971,900.4199941,774.001218,1019.411157,3350.425525,3214.505222,3484.736438,160578.5215,157590.0423,163625.2788,43954.41478,43159.88542,44716.64249,26228.26667,25495.30751,26902.66267,12607.93931,12164.33064,13050.16109,12881.03627,12680.87468,13078.02915,47470.03848,45056.97018,49860.62298,3107.339052,3050.077423,3162.364943,71067.10673,70046.88276,72040.74352,118018.9188,115332.1921,120776.2248,66471.93512,64314.319,68815.22632,36798.40024,36199.63606,37370.00817,20648.30266,20377.27922,20921.36306,16732.45137,16368.33975,17105.05899,541.0810501,506.3190359,574.3090225,19545.08408,19039.62257,20081.65578,10787.10244,10601.65566,10960.96574,6017.193906,5909.657527,6113.064809,180238.5333,174251.4309,185451.8998,10364.07921,10203.23598,10545.30827,404592.162,389804.8038,420595.7636,40377.74004,39639.50834,41120.01002,3601.850147,3533.158579,3668.622011,46099.64483,45272.32026,46908.51531,8347.396428,8189.395231,8503.418237,5257.057593,5145.533524,5372.642457,92077.97523,90034.33443,94103.66593,18430.84738,17973.592,18869.22426,15124.76174,14875.46859,15391.5461,6590.75059,6466.160221,6713.198578,30001.15798,29487.60192,30510.85913,86818.42409,85528.51486,88162.31668,12869.2439,12701.98638,13052.05623,1041.911595,975.2978344,1109.387931,62049.6634,61122.66982,63005.62104,25900.87859,25137.68326,26631.91466,2516.226971,2462.101601,2578.246827,25343.39426,24983.17564,25752.23123,1114.378573,1091.169558,1136.569833
6/21/2020,24830.37367,24379.8554,25271.38857,506.7255375,482.7417464,533.7318267,28035.24292,27528.92396,28566.76187,9930.408213,9692.873866,10171.69356,152690.5147,150362.1108,155091.3986,32775.05012,32082.39585,33371.07961,51453.61278,50123.61821,52839.13368,12638.28501,12387.02016,12868.24437,11414.60397,11133.83351,11675.16208,70847.39708,68942.91017,72619.70082,60221.29881,59302.14051,61210.94797,906.0062515,773.0184652,1026.569353,3373.586541,3222.379556,3517.839781,162629.7318,159524.7829,165921.2953,44477.60947,43616.0634,45304.68941,26593.34149,25822.85985,27319.93939,12725.88108,12231.45519,13202.11475,13052.19335,12848.29139,13262.1153,47792.08919,45054.72419,50401.27891,3150.13214,3085.620903,3213.456798,72044.94081,70900.76477,73048.79813,119046.009,115903.6364,122094.3199,66871.38852,64504.43201,69453.99233,37463.44048,36768.26516,38151.28983,20952.77625,20657.76106,21228.05323,16884.54061,16499.17962,17284.51689,544.7478011,505.8425999,580.3653252,19844.93816,19305.60122,20442.19347,10907.13668,10695.10503,11105.11175,6088.633582,5968.990344,6191.237028,181337.6875,174571.6802,186911.0185,10499.69651,10313.60651,10698.61911,406661.8675,390017.7377,424418.5247,41039.37244,40247.9614,41851.19259,3653.921006,3577.625253,3729.125882,46685.37882,45754.61364,47560.93491,8440.369798,8271.99934,8608.75034,5323.193244,5202.673367,5451.785459,92829.77387,90498.72663,95024.81556,18616.04571,18098.8474,19095.13137,15321.46851,15056.46408,15598.93956,6681.527186,6546.114439,6809.913128,30419.47507,29903.2823,30948.8184,88019.11918,86568.70078,89390.0457,13052.48542,12874.05334,13264.47618,1045.21458,971.5562785,1120.646649,62990.94814,62012.93628,64076.49793,26156.63746,25334.06638,26969.29423,2545.096888,2481.833494,2606.675894,25756.62981,25354.48987,26187.92627,1124.712813,1099.938728,1149.614619
6/22/2020,25195.80498,24724.96353,25723.27103,509.8377076,484.2557869,537.4770195,28440.68863,27908.14061,28955.02476,10093.50689,9824.718669,10359.10797,154693.0735,152186.7463,157478.7342,33035.17624,32305.24434,33690.66814,51963.9265,50490.85838,53569.09179,12797.97212,12535.86056,13027.7449,11535.6606,11229.31728,11823.0215,71583.69699,69471.83207,73535.78742,60837.83659,59818.77542,61931.22876,910.0883151,785.4476954,1034.250992,3391.157126,3230.431642,3557.979202,164584.3201,161093.3987,168387.0057,44951.88612,44012.55025,45873.03308,26932.24792,26064.33597,27703.84052,12841.80916,12313.13288,13364.57753,13159.953,12929.70911,13387.92779,48171.20424,45235.97961,51124.58286,3194.053241,3124.301338,3263.347179,72985.20099,71750.03683,74129.92611,119851.9243,116408.9195,122978.2572,67316.47226,64628.22583,70134.56725,38088.78241,37314.01818,38830.52875,21204.75836,20886.42679,21507.95855,17060.65287,16624.33713,17516.40375,545.4337781,503.2700078,585.6253008,20098.79487,19514.03124,20755.90506,11026.80006,10799.087,11248.75514,6169.000306,6036.49679,6291.519291,182474.3379,175381.2325,188547.4261,10625.96062,10416.84566,10836.2495,408142.4292,390330.6623,427780.7376,41663.11348,40883.04622,42540.41237,3702.599198,3628.466103,3779.440582,47224.48532,46230.27976,48199.21161,8524.170427,8340.402347,8706.847089,5366.455436,5233.160107,5497.501247,93579.18449,91067.76365,96034.96264,18777.88818,18234.23945,19313.59811,15520.41662,15226.94045,15831.02369,6757.200334,6611.464451,6903.298694,30734.81142,30163.5397,31318.39019,89178.0371,87646.32233,90830.02513,13224.9939,13021.25515,13455.09218,1048.032146,970.0057358,1130.584888,63899.68652,62794.8066,65121.43338,26386.87626,25471.51406,27245.48889,2573.040241,2503.259609,2644.799062,26110.40108,25679.83993,26579.82398,1134.065211,1106.453741,1160.073472
6/23/2020,25573.77585,25020.59917,26120.80613,512.7919804,483.1889888,543.2867305,28800.95665,28224.21475,29373.79462,10219.15897,9968.456855,10484.59129,156775.5428,154030.356,159574.3327,33325.44569,32514.02263,34050.28259,52380.50676,50747.83695,54105.44122,12953.04961,12661.88618,13218.94557,11651.18174,11325.77487,11949.94151,72322.16714,70089.11504,74490.54914,61570.2371,60452.41829,62826.02455,916.4080414,798.0970507,1035.742603,3420.817495,3230.19225,3598.612567,166424.927,162562.9164,170272.6177,45413.70256,44365.72156,46407.86088,27278.93454,26342.82299,28121.27647,12991.93476,12416.15035,13574.27147,13323.69442,13057.93379,13574.01358,48533.25542,45409.40324,51805.48435,3230.466801,3154.232906,3305.342055,73875.52559,72497.23934,75119.82396,120908.1801,117075.5354,124552.1402,67727.09548,64670.80173,70900.87564,38704.8241,37895.5149,39475.87842,21463.4805,21114.76861,21815.97126,17256.27492,16803.9677,17752.40412,548.2129137,504.0194976,592.5586835,20363.45027,19686.27854,21070.51852,11132.66807,10875.16533,11377.59966,6234.64791,6096.125006,6362.624861,183415.0384,175470.515,189951.7408,10759.93762,10532.57076,10994.31077,409443.9889,389030.718,431036.8773,42294.04553,41386.72598,43208.88532,3748.949218,3667.903758,3824.77391,47747.01005,46646.02799,48789.10279,8614.762143,8413.713253,8815.765177,5417.800123,5271.532936,5556.640122,94313.61548,91569.20729,96977.85821,18945.36327,18357.25609,19527.82495,15700.64787,15385.54381,16043.42329,6824.317573,6674.582507,6973.380624,31116.70983,30495.84133,31737.16761,90257.38011,88589.14585,91930.83634,13380.26222,13173.83061,13611.89909,1049.322311,960.9144239,1142.897539,64869.36201,63617.40611,66173.33816,26591.93557,25602.39902,27522.08547,2597.220541,2529.209081,2668.637963,26445.24323,25978.40543,26947.17846,1149.585239,1120.136662,1175.960421
6/24/2020,25940.35316,25391.23505,26537.02727,517.5779695,488.0224021,549.9493116,29243.91004,28624.57638,29843.01748,10379.74513,10112.54728,10658.39435,159007.5192,156083.6209,161997.45,33590.1179,32703.24173,34383.88738,52797.04473,51017.1087,54682.45485,13111.80378,12793.36249,13397.46785,11773.03509,11411.67689,12090.79923,72968.75765,70493.24857,75328.0178,62237.26525,60994.82438,63481.14478,926.5232819,808.8746566,1045.877705,3444.552033,3242.695992,3640.966572,168546.8732,164359.6124,172919.9795,45872.09651,44748.44236,46976.93029,27610.02607,26604.3474,28583.10001,13114.30147,12486.58187,13735.03036,13509.42039,13225.34642,13783.06094,48858.59956,45398.81344,52433.88361,3267.409366,3180.705467,3347.051378,74832.58879,73334.76151,76214.13853,121798.0402,117842.1474,125736.4492,68210.74862,64911.8094,71645.35733,39334.17161,38451.78751,40209.87813,21746.95337,21342.6359,22117.30217,17406.78457,16887.59049,17955.31061,549.6323209,499.677392,596.3477201,20617.39104,19893.07159,21390.09011,11234.86348,10961.79579,11497.24472,6303.048917,6149.104614,6443.406275,184323.7045,175652.6906,192027.2221,10898.70161,10651.06865,11155.93532,411118.7771,389407.7944,434340.3582,42869.79472,41891.61422,43889.01606,3795.910595,3708.332711,3878.891367,48255.32592,47079.33946,49436.45331,8709.588067,8503.215205,8930.234673,5464.031707,5307.344238,5623.428965,95086.62384,92043.13054,97910.94755,19097.79246,18452.26347,19730.81156,15875.81962,15546.72934,16239.6554,6904.031341,6744.28763,7057.868711,31527.92426,30848.70751,32197.24776,91462.98173,89670.61712,93272.23929,13532.41673,13303.49812,13784.24084,1051.576489,958.6322349,1148.563595,65842.82663,64559.98041,67289.06074,26789.31325,25654.8223,27823.64765,2626.80916,2548.22911,2708.08742,26809.39452,26298.41107,27379.29043,1159.078114,1127.588108,1189.282747
6/25/2020,26314.7567,25767.69124,26928.22028,520.9079691,489.7768642,556.6724354,29688.55413,29024.97116,30339.31594,10523.12227,10242.0925,10816.61098,161130.0384,158021.9728,164319.0163,33877.45768,32932.44128,34725.47841,53206.45665,51373.53979,55192.23542,13245.31286,12904.18779,13545.06102,11885.59684,11492.12438,12229.29695,73725.1572,70972.1333,76242.15565,62888.84138,61570.65902,64314.77756,931.98747,804.6979871,1049.629475,3481.99302,3264.652798,3700.514297,170346.4035,165975.294,175035.9912,46356.28701,45149.3116,47565.87323,27950.45819,26882.94268,28952.06633,13258.76463,12591.17168,13929.74377,13659.74861,13361.28491,13970.03718,49356.81788,45650.09365,53273.77892,3310.792257,3213.898059,3397.27149,75743.40864,74086.2351,77203.30105,122774.0986,118241.8639,127072.3695,68686.26479,65107.18011,72338.28642,39936.76768,38989.4808,40843.01061,22023.99522,21586.02125,22414.75495,17583.9636,17002.66786,18148.59217,553.0738961,498.5630438,604.9557844,20897.5413,20121.26051,21739.66956,11355.38969,11055.55173,11636.08831,6373.87717,6206.469792,6533.093426,185350.2274,175964.4076,193353.6143,11030.15277,10761.58891,11310.53478,412647.166,389556.5129,438622.8041,43569.17411,42539.36282,44634.02904,3847.381023,3760.000389,3935.441863,48773.28173,47505.15505,49998.70608,8806.097545,8573.751272,9036.627319,5522.460783,5350.196586,5691.250474,95875.05908,92598.86929,98991.32778,19275.7992,18578.55251,19968.48649,16058.53183,15720.0288,16436.78068,6981.685624,6808.897472,7156.205984,31885.33804,31181.21695,32647.79404,92717.45622,90753.52041,94734.01139,13701.45996,13452.08293,13987.6246,1052.331432,949.688754,1160.050222,66708.87774,65308.54427,68333.13154,27042.04046,25835.34142,28181.03085,2659.934675,2572.376646,2748.72267,27209.84332,26662.13697,27793.09571,1169.673221,1137.818975,1200.414753
6/26/2020,26682.54071,26052.29803,27341.4458,523.6629523,490.149637,561.622156,30118.54744,29400.00824,30836.20574,10701.14613,10402.1497,10990.97877,163273.5889,159935.1138,166748.7428,34199.77655,33162.75602,35115.29772,53614.72339,51511.83084,55811.87754,13386.14974,13029.49466,13702.54354,12016.21094,11593.40411,12376.60541,74547.61488,71655.35381,77285.47299,63585.94837,62145.01764,65125.76762,938.6727169,824.0282642,1067.17063,3517.426094,3280.115531,3746.130875,172439.6,167461.2961,177226.3119,46864.38172,45564.59547,48131.57861,28303.72611,27130.77029,29375.14672,13408.48788,12647.27196,14149.58889,13830.66091,13504.17276,14135.25929,49792.71971,45793.69588,54137.66246,3356.662233,3253.039305,3449.377284,76751.02187,75004.43596,78321.48982,123785.1678,119132.672,128540.8095,69189.27563,65421.65338,73091.32861,40557.34645,39566.72263,41542.57278,22308.67745,21848.54331,22729.99568,17752.09675,17146.86131,18390.31597,554.4959552,495.2303899,606.9002382,21197.72524,20360.24075,22107.18172,11471.01807,11141.67126,11769.75432,6448.50273,6266.397837,6614.650692,186268.2105,176204.535,194859.147,11177.78251,10880.27658,11483.60649,414171.0881,389191.5796,442155.4066,44228.10063,43109.90737,45369.78061,3896.547565,3804.924579,3983.535185,49331.15753,47997.30423,50688.47017,8903.724164,8657.115729,9152.297052,5570.773385,5386.785884,5749.395517,96715.69622,93215.19932,100077.1394,19451.27177,18709.96438,20184.00117,16242.79043,15859.08529,16631.33511,7057.478093,6868.399733,7225.168323,32241.09229,31444.53185,32981.56161,94008.46875,92021.64332,96217.29774,13884.12758,13616.64969,14186.13781,1059.534474,949.7940825,1173.760999,67727.91085,66227.76808,69415.35607,27282.59679,25949.47783,28444.39183,2689.937444,2599.697677,2775.152201,27619.28259,27024.01607,28251.59486,1179.758216,1143.531792,1211.501532
6/27/2020,27043.44599,26339.51308,27715.22825,525.092601,488.7756163,565.4379821,30483.90749,29727.70914,31174.58279,10803.06859,10496.36623,11121.18633,165175.6098,161631.3139,168924.0174,34575.63125,33455.14867,35611.60057,54117.08012,51974.04185,56511.0308,13564.66851,13191.19009,13881.45249,12170.90187,11714.98287,12593.13808,75278.31199,72131.65283,78361.89489,64230.56035,62593.93648,65861.45939,954.0209953,829.154401,1076.581211,3542.314266,3282.729884,3792.867146,174915.1768,169720.1624,180197.2562,47413.5727,45983.0007,48782.24383,28687.62519,27416.55596,29878.23073,13595.16729,12792.75078,14381.24666,13995.10594,13652.72197,14341.41682,50209.33204,45991.68429,54821.68501,3402.250365,3294.336686,3500.073949,77835.08391,75968.4952,79480.84194,125027.0997,119832.4368,130127.5196,69766.47021,65689.72439,74068.72795,41272.11884,40168.14006,42268.54104,22613.40433,22139.22911,23080.35502,17920.98128,17272.76639,18576.95479,555.3219883,491.7481142,612.4165127,21526.56425,20639.5173,22504.28586,11593.22923,11252.49506,11915.8867,6530.421732,6344.258794,6711.897239,187486.2189,176789.213,196579.9642,11312.94487,10995.81335,11638.1573,416619.8571,389543.1854,446987.6583,44871.2288,43677.8536,46089.759,3960.355091,3859.945584,4056.661861,49967.94822,48513.09579,51433.73715,9001.187513,8731.13843,9268.575905,5618.698423,5408.238397,5805.719451,97748.8301,94036.20209,101504.2354,19678.48076,18885.2817,20457.75871,16443.31075,16006.18822,16877.35674,7158.693835,6966.683677,7349.37233,32609.0165,31808.84755,33483.3485,95086.93158,92811.46821,97435.75508,14046.95154,13760.53743,14381.83185,1062.96354,942.0289094,1185.735735,68699.17483,67028.13679,70503.43337,27500.73467,26093.03618,28791.85646,2719.564978,2624.983475,2822.321794,28019.55085,27408.22664,28674.38574,1192.392732,1157.469124,1225.920378
6/28/2020,27404.95181,26668.58829,28163.28549,528.2538357,487.3567673,570.8219988,30934.87649,30118.5321,31688.55956,10938.05317,10624.20464,11279.13932,167353.3442,163495.545,171251.1077,35016.15287,33829.88273,36118.18058,54488.39183,52298.77621,56993.17892,13695.69734,13299.27744,14039.05557,12304.47498,11817.33061,12737.73164,76011.5049,72730.92499,79204.1006,64809.29731,63102.38243,66589.68141,959.6072527,824.5268233,1080.645935,3565.475282,3299.604421,3835.65739,176966.3871,171209.5293,182762.6098,47936.76739,46418.79607,49363.26322,29052.70001,27706.26581,30318.05058,13713.10906,12832.80959,14546.90303,14166.26302,13798.18674,14537.72478,50531.38275,45870.7559,55557.37298,3445.043454,3331.42811,3550.660524,78812.918,76776.8211,80581.83289,126054.19,120529.9208,131534.2304,70165.92361,65927.72868,74754.90027,41937.15908,40821.63147,43096.89547,22917.87792,22396.36661,23405.73951,18073.07053,17393.75769,18787.56144,558.9887393,493.4345128,619.2731441,21826.41833,20865.11232,22863.91367,11713.26347,11358.05191,12069.63687,6601.861408,6398.155139,6797.597399,188585.3732,176829.1144,198678.0777,11448.56217,11110.31183,11799.46669,418689.5627,389884.575,450794.0138,45532.8612,44298.83904,46839.95885,4012.42595,3905.466421,4115.309137,50553.68221,48978.87138,52149.06932,9094.160882,8814.796277,9367.26895,5684.834073,5467.189128,5885.752618,98500.62874,94290.508,102493.8001,19863.67909,19002.09418,20735.55672,16640.01752,16179.42728,17118.44493,7249.470432,7035.54845,7460.37632,33027.33359,32152.76924,33962.59559,96287.62667,93887.20348,98815.23261,14230.19306,13919.46239,14560.07826,1066.266526,935.2864826,1199.385069,69640.45958,67868.03244,71555.80321,27756.49355,26278.45092,29113.22544,2748.434895,2645.467136,2851.875659,28432.7864,27771.4423,29142.25422,1202.726973,1165.587663,1237.488444
6/29/2020,27770.38312,27032.45943,28530.79626,531.3660058,490.5945394,574.995164,31340.3222,30448.69276,32143.60706,11101.15184,10766.62256,11437.53397,169355.903,165242.8954,173667.5801,35276.27899,34007.66123,36466.3361,54998.70555,52534.91287,57688.82503,13855.38445,13443.40659,14231.54835,12425.53161,11893.07483,12882.50978,76747.80482,73123.5081,80184.0868,65425.8351,63610.22652,67358.38591,963.6893163,845.2554901,1095.755621,3583.045868,3297.881389,3864.588193,178920.9754,172973.1027,184950.1062,48411.04404,46740.77933,50049.40091,29391.60644,27936.28969,30748.13378,13829.03714,12904.82468,14708.13369,14274.02267,13875.07964,14665.55559,50910.4978,46122.36472,56287.82577,3488.964555,3359.438442,3603.312879,79753.17818,77584.03057,81724.36594,126860.1052,120988.9167,132731.7058,70611.00735,66017.15107,75485.26156,42562.50101,41325.64218,43760.70592,23169.86003,22604.62946,23695.32488,18249.18279,17545.06669,19012.90683,559.6747164,487.6896599,627.0176274,22080.27503,21040.48398,23215.19106,11832.92685,11455.48857,12203.5661,6682.228132,6460.313511,6890.632522,189722.0235,177407.2638,200230.3211,11574.82628,11212.22186,11940.16136,420170.1243,389976.7128,454607.5316,46156.60224,44828.29738,47432.47799,4061.104141,3950.188811,4172.173731,51092.78871,49452.87793,52774.70144,9177.961512,8875.562237,9483.767234,5728.096266,5497.332103,5945.28286,99250.03936,94731.12076,103520.2074,20025.52156,19119.95735,20959.24944,16838.96563,16383.18987,17371.14751,7325.14358,7120.069887,7538.066649,33342.66994,32460.10959,34327.40194,97446.54459,94930.22544,100083.5014,14402.70155,14078.2632,14767.60624,1069.084092,929.7249179,1203.155138,70549.19796,68706.48201,72664.51234,27986.73235,26368.45783,29410.27392,2776.378248,2665.152538,2887.884157,28786.55768,28069.73267,29594.31988,1212.079371,1171.576875,1252.990045
6/30/2020,28148.35399,27328.38494,28942.43261,534.3202787,487.8355044,583.791017,31700.59022,30804.52748,32595.00877,11226.80393,10888.33579,11559.97488,171438.3723,167065.7827,176108.8579,35566.54844,34165.66706,36809.07215,55415.28581,52870.89156,58284.90009,14010.46193,13552.24994,14399.06749,12541.05275,11983.12221,13042.47168,77486.27496,73727.77111,81054.23343,66158.23561,64257.2736,68209.74236,970.0090426,851.3916001,1093.114292,3612.706236,3315.365445,3913.594666,180761.5823,174494.2862,187014.0858,48872.86048,47078.83602,50540.79326,29738.29306,28147.93766,31118.42248,13979.16274,12994.9052,14887.78977,14437.76409,14028.13995,14852.07725,51272.54898,46098.0209,57057.50691,3525.378115,3394.822571,3646.673121,80643.50278,78379.62856,82723.60818,127916.361,121495.5674,134185.4233,71021.63057,66049.64184,76313.80309,43178.5427,41864.5302,44507.22203,23428.58217,22836.98154,24001.14998,18444.80484,17683.67729,19263.07305,562.4538519,482.985803,632.8393155,22344.93043,21220.32048,23534.26825,11938.79485,11518.72264,12340.82164,6747.875736,6508.59148,6978.909194,190662.724,177292.9556,202545.7964,11708.80328,11322.53888,12092.54553,421471.684,388688.9833,457782.6455,46787.53429,45400.69812,48213.61483,4107.454162,3990.498515,4223.357213,51615.31344,49889.50332,53399.17243,9268.553228,8949.174174,9584.482149,5779.440952,5532.546789,6020.921232,99984.47035,95310.11873,104479.8176,20192.99665,19180.05974,21172.65967,17019.19688,16549.68775,17565.17538,7392.260819,7158.503717,7624.476561,33724.56836,32769.17182,34717.84665,98525.88761,95736.47169,101404.8163,14557.96986,14207.32253,14931.33093,1070.374256,924.1335146,1216.943887,71518.87345,69448.82741,73707.99018,28191.79165,26478.5974,29733.16535,2800.558548,2677.312179,2922.753909,29121.39983,28360.17845,29932.88613,1227.599398,1182.435006,1267.866321
7/1/2020,28514.9313,27629.50362,29398.60256,539.1062678,491.3252028,587.6582825,32143.54361,31216.53261,33105.04775,11387.39008,11035.998,11784.84296,173670.3487,169381.942,178576.4169,35831.22065,34355.81149,37160.27613,55831.82378,53097.25429,58965.4452,14169.21611,13683.14128,14589.10312,12662.9061,12076.82474,13197.21503,78132.86548,74063.68376,81983.52141,66825.26375,64724.30986,68993.48436,980.1242831,863.0349778,1104.286757,3636.440775,3311.007147,3962.070359,182883.5285,176138.9808,189568.3846,49331.25443,47441.34482,51113.06236,30069.38459,28424.12972,31507.08702,14101.52946,13065.26379,15078.7384,14623.49006,14186.40887,15061.17336,51597.89312,46110.36223,57612.35168,3562.32068,3417.993926,3693.844861,81600.56597,79192.07439,83829.36494,128806.2212,122027.5955,135264.9245,71505.28371,66232.23407,77142.60762,43807.89021,42409.54372,45186.99693,23712.05504,23130.65891,24313.12717,18595.31449,17758.34885,19447.66884,563.8732592,481.5851559,638.7550182,22598.87121,21401.31092,23878.69706,12040.99027,11609.32364,12453.10416,6816.276743,6568.156391,7056.163459,191571.3901,177426.0853,204114.0256,11847.56727,11445.81855,12264.83282,423146.4723,387767.9974,462121.7882,47363.28348,45878.2951,48841.74445,4154.415539,4032.613247,4272.454972,52123.62931,50213.978,54001.03677,9363.379152,9027.918187,9701.172249,5825.672537,5559.309447,6068.169771,100757.4787,95952.93246,105446.4703,20345.42584,19273.00717,21406.12503,17194.36863,16680.74825,17761.23558,7471.974587,7241.83509,7708.044931,34135.78278,33118.65397,35250.08682,99731.48923,96787.41785,102783.2323,14710.12438,14355.5387,15103.85567,1072.628434,919.7372703,1231.46733,72492.33806,70379.2354,74786.60882,28389.16934,26567.33787,30041.8536,2830.147168,2710.047553,2954.303352,29485.55111,28691.03591,30377.56575,1237.092274,1192.392673,1280.035309
7/2/2020,28889.33485,28017.44972,29798.40626,542.4362673,493.5770769,593.859317,32588.1877,31570.3468,33553.20026,11530.76722,11167.31558,11890.62401,175792.8679,170909.0456,181209.6233,36118.56043,34504.69164,37534.13871,56241.2357,53371.29919,59606.47116,14302.72518,13788.2027,14750.06395,12775.46785,12166.76366,13320.46645,78889.26503,74583.8934,83046.59655,67476.83988,65291.77359,69728.61364,985.5884712,852.327974,1105.915264,3673.881761,3325.502766,4013.072597,184683.0588,177499.5537,191775.3685,49815.44493,47805.43492,51699.27288,30409.81671,28641.67382,31997.05848,14245.99261,13145.32208,15254.8098,14773.81828,14309.81646,15251.32602,52096.11144,46250.40291,58467.65474,3605.70357,3457.319611,3743.309738,82511.38582,79960.25701,84907.5165,129782.2795,122784.8245,136904.5909,71980.79988,66377.03833,77911.7478,44410.48628,42918.52076,45896.23486,23989.09689,23335.67731,24623.94759,18772.49352,17884.1862,19675.58466,567.3148343,479.4631973,646.2623315,22879.02147,21627.88157,24220.29889,12161.51648,11699.43318,12611.31305,6887.104996,6617.397191,7147.373554,192597.9131,177820.0197,205954.8289,11979.01843,11555.15694,12416.50511,424674.8611,387326.2113,465190.0352,48062.66287,46489.16197,49670.41415,4205.885967,4080.32967,4329.353513,52641.58512,50637.24134,54661.74932,9459.88863,9111.942366,9822.452885,5884.101613,5614.849022,6139.543119,101545.914,96389.11051,106691.8408,20523.43258,19401.59987,21663.99039,17377.08084,16794.78357,17987.38946,7549.62887,7292.017687,7788.445304,34493.19656,33388.71055,35683.97777,100985.9637,97916.09221,104284.2068,14879.1676,14487.45397,15296.22587,1073.383378,914.1125165,1239.059521,73358.38917,71108.25085,75836.37758,28641.89655,26733.04346,30393.12017,2863.272682,2740.078807,2997.738953,29885.99991,29036.22081,30804.32565,1247.687381,1200.295523,1290.913602
7/3/2020,29257.11885,28328.96411,30235.71107,545.1912505,492.2919977,598.4820051,33018.18101,31944.86294,33991.87262,11708.79108,11321.50949,12108.08005,177936.4183,173013.3931,183472.2143,36440.8793,34822.18409,37929.98275,56649.50244,53609.8722,60061.64346,14443.56207,13902.76498,14909.71281,12906.08195,12233.0459,13489.30415,79711.7227,75164.32131,83940.45684,68173.94687,65862.97455,70519.9038,992.2737182,868.7763816,1116.359737,3709.314835,3327.011121,4073.943398,186776.2553,179113.7478,194380.5075,50323.53964,48187.87658,52320.88623,30763.08463,28901.01694,32424.8499,14395.71586,13281.10027,15484.26426,14944.73058,14434.88675,15423.5394,52532.01327,46212.11648,59348.14698,3651.573547,3492.640015,3796.702443,83518.99905,80815.87803,86088.50661,130793.3487,122935.8142,137956.478,72483.81071,66577.69247,78812.4736,45031.06504,43472.82752,46597.12543,24273.77912,23562.964,24935.94236,18940.62666,17998.73444,19896.72904,568.7368935,475.4619445,649.9277122,23179.20541,21787.2569,24593.02433,12277.14486,11789.60722,12757.91965,6961.730555,6685.835955,7228.26109,193515.8962,177465.1146,207568.3243,12126.64816,11665.316,12594.7766,426198.7833,387166.9776,469532.5457,48721.58939,47111.94653,50401.00849,4255.052509,4121.73252,4386.167505,53199.46092,51065.84317,55325.16118,9557.515249,9176.204414,9942.273661,5932.414215,5642.029877,6204.504129,102386.5511,96845.44964,107771.2385,20698.90516,19525.02711,21893.83689,17561.33944,16949.303,18223.29617,7625.421339,7358.592081,7890.409817,34848.95082,33741.35211,36099.85341,102276.9762,98946.22307,105782.3057,15061.83523,14641.88034,15519.87292,1080.58642,914.4181594,1259.869315,74377.42228,72039.19112,77050.2001,28882.45287,26794.20197,30686.68746,2893.275451,2754.884873,3036.416801,30295.43918,29427.08503,31295.15612,1257.772375,1206.440946,1304.433445
7/4/2020,29618.02413,28634.37211,30623.60715,546.6208992,490.448073,602.5901869,33383.54106,32273.11841,34455.79487,11810.71354,11425.06987,12236.10394,179838.4393,174733.907,185456.7126,36816.73401,35049.48438,38390.80732,57151.85917,53932.19186,60733.55204,14622.08084,14056.39997,15088.12679,13060.77288,12336.33842,13678.19829,80442.41982,75619.5386,84866.97726,68818.55886,66349.00729,71351.46163,1007.621997,880.3148641,1134.202449,3734.203007,3340.354717,4113.456903,189251.8321,181208.8503,197237.9781,50872.73062,48608.7819,52989.65407,31146.98371,29216.65439,32913.42434,14582.39527,13392.25085,15701.05157,15109.17561,14594.78443,15622.66066,52948.6256,46520.42695,59988.16577,3697.161679,3528.692983,3852.817095,84603.0611,81738.73072,87335.04361,132035.2806,123992.6703,139624.4355,73061.00529,66870.50428,79731.47993,45745.83744,44187.62745,47368.54931,24578.506,23847.90923,25289.23879,19109.5112,18119.8629,20118.27138,569.5629266,468.1923901,655.283635,23508.04442,22062.91271,25000.41163,12399.35602,11896.78501,12889.00716,7043.649557,6744.800717,7342.426756,194733.9045,178033.0692,209651.8548,12261.81052,11767.32063,12752.88232,428647.5523,388606.2719,473110.9092,49364.71756,47636.09693,51091.27958,4318.860034,4172.061299,4456.506125,53836.25161,51584.42491,56220.40661,9654.978598,9260.392137,10061.67481,5980.339253,5678.526623,6265.554686,103419.685,97757.87802,109061.7129,20926.11414,19727.37813,22171.44754,17761.85976,17125.38361,18413.20321,7726.637081,7451.80024,8007.189221,35216.87503,34080.38274,36529.81704,103355.4391,99950.48262,107017.5805,15224.65918,14782.34659,15677.77491,1084.015486,910.1456929,1265.91316,75348.68626,72825.50668,78168.25125,29100.59076,26910.82347,31008.88186,2922.902985,2786.831616,3071.554555,30695.70744,29795.35184,31717.71904,1270.406891,1218.214159,1320.953692
7/5/2020,29979.52995,28921.99381,31097.13438,549.7821339,492.6262471,608.1185417,33834.51006,32634.57848,35033.23724,11945.69812,11540.82598,12370.53319,182016.1736,176409.3367,188041.6257,37257.25562,35414.42128,38917.05598,57523.17088,54093.91331,61221.2713,14753.10966,14137.21164,15269.07906,13194.34599,12463.18334,13845.12599,81175.61273,76249.50841,85966.63218,69397.29581,66770.66886,72054.71503,1013.208254,885.0538128,1132.705316,3757.364024,3348.949565,4169.006374,191303.0424,182967.5627,199625.5918,51395.92531,49012.2094,53730.10688,31512.05853,29506.67024,33326.8218,14700.33704,13408.33528,15910.12465,15280.33269,14752.92682,15814.38669,53270.6763,46436.94818,60747.24634,3739.954767,3565.895986,3902.81799,85580.89518,82643.8581,88457.06755,133062.3709,124610.1078,141520.8627,73460.45869,66964.71675,80485.57218,46410.87767,44655.3758,48128.33848,24882.97959,24134.43746,25653.08309,19261.60044,18223.04037,20319.30781,573.2296775,463.7567963,662.6706226,23807.89849,22259.58234,25345.00498,12519.39026,11964.01013,13031.50652,7115.089234,6805.654968,7419.132111,195833.0588,178015.5086,211372.8958,12397.42782,11883.86506,12911.11463,430717.2579,388990.7672,478118.1424,50026.34996,48238.82882,51847.75109,4370.930894,4211.540817,4513.106788,54421.9856,52039.4349,56814.11827,9747.951967,9327.324719,10163.60226,6046.474903,5725.413122,6344.635242,104171.4836,98088.67112,110151.2651,21111.31248,19828.7884,22450.69198,17958.56652,17277.66689,18675.87842,7817.413678,7514.28161,8098.610676,35635.19211,34434.87011,36983.89169,104556.1342,100854.3409,108397.3189,15407.90071,14911.78713,15913.55995,1087.318471,900.6508053,1278.315216,76289.97101,73724.56189,79157.58206,29356.34963,27065.28002,31374.89428,2951.772902,2796.167795,3105.534599,31108.94299,30153.18798,32200.96022,1280.741132,1226.136728,1333.735197
